email, senha
0.6361007730683783@email.com,user1234
0.6342782069551441@email.com,user1234
0.39198130244845314@email.com,user1234
0.5057786003224854@email.com,user1234
0.2991623137061182@email.com,user1234
0.8389099743855252@email.com,user1234
0.8917730369583338@email.com,user1234
0.5981999315576859@email.com,user1234
0.3569340976208572@email.com,user1234
0.41871084110115697@email.com,user1234
0.024315838913832464@email.com,user1234